{
  "project_info": {
    "project_number": "899265863522",
    "project_id": "hackathon-93dd3",
    "storage_bucket": "hackathon-93dd3.appspot.com"
  },
  "client": [
    {
      "client_info": {
        "mobilesdk_app_id": "1:899265863522:android:078173191abb9934bb963b",
        "android_client_info": {
          "package_name": "com.example.hackathon"
        }
      },
      "oauth_client": [
        {
          "client_id": "899265863522-2p01kf8o226d6gbu1nidgmfqg3fptbj7.apps.googleusercontent.com",
          "client_type": 3
        }
      ],
      "api_key": [
        {
          "current_key": "AIzaSyBslA2Uebxr4mKQL_6vvz3YFXBWGlO0XR4"
        }
      ],
      "services": {
        "appinvite_service": {
          "other_platform_oauth_client": [
            {
              "client_id": "899265863522-2p01kf8o226d6gbu1nidgmfqg3fptbj7.apps.googleusercontent.com",
              "client_type": 3
            }
          ]
        }
      }
    }
  ],
  "configuration_version": "1"
}